<CMsRemoveSomeHostileAnimals>

	<csv xpath="/entitygroups/entitygroup[@name='ZombiesNight']/text()" delim="\n" op="remove">
		animalZombieDog, .05
	</csv>

	<csv xpath="/entitygroups/entitygroup[@name='ZombiesDowntown']/text()" delim="\n" op="remove">
		animalZombieDog, .4
	</csv>

	<csv xpath="/entitygroups/entitygroup[@name='ZombiesForestDowntown']/text()" delim="\n" op="remove">
		animalZombieDog, .1
	</csv>

	<csv xpath="/entitygroups/entitygroup[@name='ZombiesForestDowntownNight']/text()" delim="\n" op="remove">
		animalZombieDog, .3
	</csv>

	<csv xpath="/entitygroups/entitygroup[@name='ZombiesWastelandDowntown']/text()" delim="\n" op="remove">
		animalZombieDog, .8
	</csv>

	<csv xpath="/entitygroups/entitygroup[@name='ZombiesWastelandNightNoBears']/text()" delim="\n" op="remove">
		animalZombieDog
	</csv>

	<csv xpath="/entitygroups/entitygroup[@name='ZombiesWastelandNight2']/text()" delim="\n" op="remove">
		animalZombieDog, .15
	</csv>

	<csv xpath="/entitygroups/entitygroup[@name='ZombiesWastelandNight2NoBears']/text()" delim="\n" op="remove">
		animalZombieDog, .15
	</csv>

	<csv xpath="/entitygroups/entitygroup[@name='ZombiesHoard']/text()" delim="\n" op="remove">
		animalZombieDog, .05
	</csv>

	<csv xpath="/entitygroups/entitygroup[@name='EnemyAnimalsSnowNight']/text()" delim="\n" op="remove">
		animalZombieDog, 5
	</csv>

	<csv xpath="/entitygroups/entitygroup[@name='EnemyAnimalsWasteland']/text()" delim="\n" op="remove">
		animalZombieDog, 15
	</csv>

	<csv xpath="/entitygroups/entitygroup[@name='feralHordeStageGS1373']/text()" delim="\n" op="remove">
		animalZombieDog
	</csv>

	<csv xpath="/entitygroups/entitygroup[@name='feralHordeStageGS1386']/text()" delim="\n" op="remove">
		animalZombieDog
	</csv>

	<csv xpath="/entitygroups/entitygroup[@name='ZombieDogGroup']/text()" delim="\n" op="remove">
		animalZombieDog
	</csv>

	<csv xpath="/entitygroups/entitygroup[@name='ZombieDogGroup']/text()" delim="\n" op="add">
		zombiePartyGirl
	</csv>

	<csv xpath="/entitygroups/entitygroup[@name='EnemyAnimalsForest']/text()" delim="\n" op="remove">
		animalSnake, 5
	</csv>

	<csv xpath="/entitygroups/entitygroup[@name='EnemyAnimalsBurntForestAny']/text()" delim="\n" op="remove">
		animalSnake, 5
	</csv>

	<csv xpath="/entitygroups/entitygroup[@name='EnemyAnimalsDesert']/text()" delim="\n" op="remove">
		animalSnake, 5
	</csv>

	<csv xpath="/entitygroups/entitygroup[@name='EnemyAnimalsWasteland']/text()" delim="\n" op="remove">
		animalSnake, 10
	</csv>

	<csv xpath="/entitygroups/entitygroup[@name='SnakeGroup']/text()" delim="\n" op="remove">
		animalSnake
	</csv>

	<csv xpath="/entitygroups/entitygroup[@name='SnakeGroup']/text()" delim="\n" op="add">
		zombiePartyGirl
	</csv>

	<csv xpath="/entitygroups/entitygroup[@name='EnemyAnimalsBurntForestNight']/text()" delim="\n" op="remove">
		animalZombieVulture, 10
	</csv>

	<csv xpath="/entitygroups/entitygroup[@name='EnemyAnimalsDesert']/text()" delim="\n" op="remove">
		animalZombieVulture, 20
	</csv>

	<csv xpath="/entitygroups/entitygroup[@name='EnemyAnimalsWasteland']/text()" delim="\n" op="remove">
		animalZombieVulture, 5
	</csv>

	<csv xpath="/entitygroups/entitygroup[@name='ZombiesWastelandNightNoBears']/text()" delim="\n" op="remove">
		animalZombieVulture, .6
		animalZombieVultureRadiated, .4
	</csv>

	<csv xpath="/entitygroups/entitygroup[@name='ZombiesWastelandNight2']/text()" delim="\n" op="remove">
		animalZombieVulture, .6
		animalZombieVultureRadiated, .4
	</csv>

	<csv xpath="/entitygroups/entitygroup[@name='feralHordeStageGS44']/text()" delim="\n" op="remove">
		animalZombieVulture, .12
	</csv>

	<csv xpath="/entitygroups/entitygroup[@name='feralHordeStageGS49']/text()" delim="\n" op="remove">
		animalZombieVulture, .13
	</csv>

	<csv xpath="/entitygroups/entitygroup[@name='feralHordeStageGS59']/text()" delim="\n" op="remove">
		animalZombieVulture, .16
	</csv>

	<csv xpath="/entitygroups/entitygroup[@name='feralHordeStageGS74']/text()" delim="\n" op="remove">
		animalZombieVulture, .2
	</csv>

	<csv xpath="/entitygroups/entitygroup[@name='feralHordeStageGS2117']/text()" delim="\n" op="remove">
		animalZombieVulture, .3
		animalZombieVultureRadiated, .3
	</csv>

	<csv xpath="/entitygroups/entitygroup[@name='feralHordeStageGS2132']/text()" delim="\n" op="remove">
		animalZombieVulture, .3
	</csv>

	<csv xpath="/entitygroups/entitygroup[@name='feralHordeStageGS1670']/text()" delim="\n" op="remove">
		animalZombieVultureRadiated, .3
	</csv>

	<csv xpath="/entitygroups/entitygroup[@name='feralHordeStageGS1684']/text()" delim="\n" op="remove">
		animalZombieVulture, .3
	</csv>

	<csv xpath="/entitygroups/entitygroup[@name='feralHordeStageGS1698']/text()" delim="\n" op="remove">
		animalZombieVultureRadiated, .3
	</csv>

	<csv xpath="/entitygroups/entitygroup[@name='feralHordeStageGS2660']/text()" delim="\n" op="remove">
		animalZombieVultureRadiated, .3
	</csv>

	<csv xpath="/entitygroups/entitygroup[@name='feralHordeStageGS2692']/text()" delim="\n" op="remove">
		animalZombieVultureRadiated, .3
	</csv>

	<csv xpath="/entitygroups/entitygroup[@name='VultureGroup']/text()" delim="\n" op="remove">
		animalZombieVulture
	</csv>

	<csv xpath="/entitygroups/entitygroup[@name='VultureGroup']/text()" delim="\n" op="add">
		zombiePartyGirl
	</csv>

	<csv xpath="/entitygroups/entitygroup[@name='EnemyAnimalsSnowNight']/text()" delim="\n" op="remove">
		animalDireWolf, 5
	</csv>

	<csv xpath="/entitygroups/entitygroup[@name='EnemyAnimalsWasteland']/text()" delim="\n" op="remove">
		animalDireWolf, 10
	</csv>

	<csv xpath="/entitygroups/entitygroup[@name='EnemyAnimalsWastelandNight']/text()" delim="\n" op="remove">
		animalDireWolf, 20
	</csv>

	<csv xpath="/entitygroups/entitygroup[@name='ZombiesNight']/text()" delim="\n" op="remove">
		animalDireWolf, .01
	</csv>

	<csv xpath="/entitygroups/entitygroup[@name='ZombiesWastelandDowntown']/text()" delim="\n" op="remove">
		animalDireWolf, .1
	</csv>

	<csv xpath="/entitygroups/entitygroup[@name='ZombiesWastelandNightNoBears']/text()" delim="\n" op="remove">
		animalDireWolf, .1
	</csv>

	<csv xpath="/entitygroups/entitygroup[@name='ZombiesWastelandNight2']/text()" delim="\n" op="remove">
		animalDireWolf, .1
	</csv>

	<csv xpath="/entitygroups/entitygroup[@name='WolfPack']/text()" delim="\n" op="remove">
		animalDireWolf, .5
	</csv>

	<csv xpath="/entitygroups/entitygroup[@name='WolfPack']/text()" delim="\n" op="add">
		zombiePartyGirl, .5
	</csv>

	<csv xpath="/entitygroups/entitygroup[@name='feralHordeStageGS693']/text()" delim="\n" op="remove">
		animalDireWolf, .1
	</csv>

	<csv xpath="/entitygroups/entitygroup[@name='feralHordeStageGS704']/text()" delim="\n" op="remove">
		animalDireWolf, .1
	</csv>

	<csv xpath="/entitygroups/entitygroup[@name='EnemyAnimalsWasteland']/text()" delim="\n" op="remove">
		animalZombieBear, 10
	</csv>

	<csv xpath="/entitygroups/entitygroup[@name='EnemyAnimalsWastelandNight']/text()" delim="\n" op="remove">
		animalZombieBear, 20
	</csv>

	<csv xpath="/entitygroups/entitygroup[@name='ZombiesWastelandNight2']/text()" delim="\n" op="remove">
		animalZombieBear, .1
	</csv>

	<csv xpath="/entitygroups/entitygroup[@name='ZombiesHoard']/text()" delim="\n" op="remove">
		animalZombieBear, .05
	</csv>

	<csv xpath="/entitygroups/entitygroup[@name='ZombieBearsGroup']/text()" delim="\n" op="remove">
		animalZombieBear
	</csv>

	<csv xpath="/entitygroups/entitygroup[@name='ZombieBearsGroup']/text()" delim="\n" op="add">
		zombiePartyGirl
	</csv>

	<csv xpath="/entitygroups/entitygroup[@name='ZombieAnimalsGroup']/text()" delim="\n" op="remove">
		animalZombieBear, .02
	</csv>

	<csv xpath="/entitygroups/entitygroup[@name='ZombieAnimalsGroup']/text()" delim="\n" op="add">
		zombiePartyGirl, .02
	</csv>

</CMsRemoveSomeHostileAnimals>